Rank,Player,Position,Team,Katz Rank,Soppe Rank,Average
1,Josh Allen,QB,BUF,1,1,1
2,Drake Maye,QB,NE,4,2,2
3,Ja'Marr Chase,WR,CIN,3,3,3
4,Lamar Jackson,QB,BAL,2,6,4
5,Jahmyr Gibbs,RB,DET,5,7,5
6,Joe Burrow,QB,CIN,10,4,6
7,Bijan Robinson,RB,ATL,7,5,7
8,Jayden Daniels,QB,WAS,6,8,8
9,Puka Nacua,WR,LAR,9,9,9
10,Jalen Hurts,QB,PHI,8,18,10
11,Jonathan Taylor,RB,IND,11,14,11
12,Jaxon Smith-Njigba,WR,SEA,12,11,12
13,Justin Herbert,QB,LAC,16,15,13
14,James Cook III,RB,BUF,17,10,14
15,Amon-Ra St. Brown,WR,DET,15,13,15
16,Caleb Williams,QB,CHI,22,12,16
17,Christian McCaffrey,RB,SF,14,16,17
18,Justin Jefferson,WR,MIN,19,19,18
19,CeeDee Lamb,WR,DAL,18,26,19
20,Chase Brown,RB,CIN,23,25,20
21,A.J. Brown,WR,NE,28,17,21
22,Jaxson Dart,QB,NYG,13,22,22
23,Saquon Barkley,RB,PHI,26,23,23
24,Drake London,WR,ATL,21,24,24
25,Brock Bowers,TE,LV,25,34,25
26,Derrick Henry,RB,BAL,32,30,26
27,Nico Collins,WR,HOU,27,21,27
28,Malik Nabers,WR,NYG,24,28,28
29,Trevor Lawrence,QB,JAX,29,29,29
30,De'Von Achane,RB,MIA,44,20,30
31,George Pickens,WR,DAL,33,31,31
32,Kenneth Walker III,RB,KC,30,37,32
33,Rashee Rice,WR,KC,39,33,33
34,Trey McBride,TE,ARI,34,27,34
35,Chris Olave,WR,NO,31,42,35
36,Dak Prescott,QB,DAL,36,36,36
37,Ashton Jeanty,RB,LV,20,54,37
38,Zay Flowers,WR,BAL,38,38,38
39,Tee Higgins,WR,CIN,45,35,39
40,Omarion Hampton,RB,LAC,37,40,40
41,Brock Purdy,QB,SF,41,53,41
42,Jaylen Waddle,WR,DEN,42,39,42
43,Colston Loveland,TE,CHI,43,44,43
44,Jeremiyah Love,RB,ARI,40,43,44
45,DeVonta Smith,WR,PHI,35,49,45
46,Javonte Williams,RB,DAL,56,32,46
47,Ladd McConkey,WR,LAC,48,45,47
48,Emeka Egbuka,WR,TB,51,47,48
49,Breece Hall,RB,NYJ,46,60,49
50,Bo Nix,QB,DEN,57,41,50
51,Terry McLaurin,WR,WAS,47,55,51
52,Tyler Warren,TE,IND,52,59,52
53,Travis Etienne Jr.,RB,NO,60,46,53
54,Tetairoa McMillan,WR,CAR,55,51,54
55,Garrett Wilson,WR,NYJ,58,56,55
56,Josh Jacobs,RB,GB,53,57,56
57,Patrick Mahomes II,QB,KC,50,50,57
58,Luther Burden III,WR,CHI,54,67,58
59,Tucker Kraft,TE,GB,59,52,59
60,D'Andre Swift,RB,CHI,64,48,60
61,Christian Watson,WR,GB,67,58,61
62,Kyler Murray,QB,MIN,64,69,62
63,Kyren Williams,RB,LAR,49,64,63
64,Parker Washington,WR,JAX,61,66,64
65,Sam LaPorta,TE,DET,66,73,65
66,Jameson Williams,WR,DET,64,63,66
67,Cam Skattebo,RB,NYG,68,71,67
68,Rome Odunze,WR,CHI,70,62,68
69,Matthew Stafford,QB,LAR,78,61,69
70,David Montgomery,RB,HOU,76,70,70
71,Carnell Tate,WR,TEN,73,72,71
72,George Kittle,TE,SF,80,65,72
73,Bhayshul Tuten,RB,JAX,80,74,73
74,Marvin Harrison Jr.,WR,ARI,82,77,74
75,Jared Goff,QB,DET,71,68,75
76,DJ Moore,WR,BUF,85,80,76
77,Quinshon Judkins,RB,CLE,72,92,77
78,Harold Fannin Jr.,TE,CLE,73,79,78
79,Davante Adams,WR,LAR,76,93,79
80,Jadarian Price,RB,SEA,92,78,80
81,Jordan Love,QB,GB,92,76,81
82,Brian Thomas Jr.,WR,JAX,88,89,82
83,Kyle Pitts Sr.,TE,ATL,87,90,83
84,DK Metcalf,WR,PIT,112,75,84
85,Bucky Irving,RB,TB,96,81,85
86,Quentin Johnston,WR,LAC,106,82,86
87,Malik Willis,QB,MIA,85,95,87
88,Jaylen Warren,RB,PIT,84,97,88
89,Stefon Diggs,WR,WAS,94,96,89
90,Isaiah Likely,TE,NYG,129,83,90
91,TreVeyon Henderson,RB,NE,104,88,91
92,Mike Evans,WR,SF,79,113,92
93,Baker Mayfield,QB,TB,106,86,93
94,Michael Pittman Jr.,WR,PIT,97,105,94
95,Rhamondre Stevenson,RB,NE,88,107,95
96,Juwan Johnson,TE,NO,115,98,96
97,Josh Downs,WR,IND,100,102,97
98,Chuba Hubbard,RB,CAR,124,85,98
99,Tyler Shough,QB,NO,99,94,99
100,Jakobi Meyers,WR,JAX,121,87,100
101,Tony Pollard,RB,TEN,108,110,101
102,Travis Kelce,TE,KC,101,120,102
103,Jayden Reed,WR,GB,109,99,103
104,Michael Wilson,WR,ARI,130,84,104
105,Kenny Gainwell,RB,TB,112,112,105
106,Daniel Jones,QB,IND,134,91,106
107,Wan'Dale Robinson,WR,TEN,103,115,107
108,Dallas Goedert,TE,PHI,108,114,108
109,Jonathon Brooks,RB,CAR,100,127,109
110,Courtland Sutton,WR,DEN,118,106,110
111,Sam Darnold,QB,SEA,113,123,111
112,Blake Corum,RB,LAR,120,119,112
113,Chris Godwin Jr.,WR,TB,91,137,113
114,Dalton Kincaid,TE,BUF,94,139,114
115,Makai Lemon,WR,PHI,124,126,115
116,Jacory Croskey-Merritt,RB,WAS,140,103,116
117,C.J. Stroud,QB,HOU,120,118,117
118,Jordan Addison,WR,MIN,115,142,118
119,Rico Dowdle,RB,PIT,116,130,119
120,Jake Ferguson,TE,DAL,136,104,120
121,Khalil Shakir,WR,BUF,151,108,121
122,Jordan Mason,RB,MIN,148,100,122
123,De'Zhaun Stribling,WR,SF,142,121,123
124,Bryce Young,QB,CAR,127,133,124
125,Rashid Shaheed,WR,SEA,148,117,125
126,Kyle Monangai,RB,CHI,136,122,126
127,Mark Andrews,TE,BAL,143,109,127
128,Romeo Doubs,WR,NE,136,129,128
129,RJ Harvey,RB,DEN,132,135,129
130,Cam Ward,QB,TEN,148,125,130
131,Alec Pierce,WR,IND,160,111,131
132,Brenton Strange,TE,JAX,122,151,132
133,J.K. Dobbins,RB,DEN,156,116,133
134,KC Concepcion,WR,CLE,133,140,134
135,Jacoby Brissett,QB,ARI,141,134,135
136,Xavier Worthy,WR,KC,127,146,136
137,Rachaad White,RB,WAS,128,147,137
138,Chig Okonkwo,TE,WAS,150,132,138
139,Jordyn Tyson,WR,NO,145,131,139
140,Chris Rodriguez Jr.,RB,JAX,152,141,140
141,Matthew Golden,WR,GB,166,124,141
142,Aaron Rodgers,QB,PIT,190,101,142
143,Aaron Jones Sr.,RB,MIN,144,150,143
144,Jalen Coker,WR,CAR,139,157,144
145,Hunter Henry,TE,NE,157,128,145
146,Deebo Samuel Sr.,WR,SF,163,136,146
147,Zach Charbonnet,RB,SEA,168,138,147
148,Geno Smith,QB,NYJ,155,161,148
149,Travis Hunter,WR,JAX,172,155,149
150,Tyler Allgeier,RB,ARI,176,143,150
151,Dalton Schultz,TE,HOU,178,145,151
152,Jalen McMillan,WR,TB,175,159,152
153,Woody Marks,RB,HOU,160,160,153
154,Tua Tagovailoa,QB,ATL,162,166,154
155,Jerry Jeudy,WR,CLE,193,149,155
156,Greg Dulcich,TE,MIA,185,169,156
157,Tre Tucker,WR,LV,154,190,157
158,Isiah Pacheco,RB,DET,192,158,158
159,Ryan Flournoy,WR,DAL,178,170,159
160,Kirk Cousins,QB,LV,183,154,160
161,Mike Washington Jr.,RB,LV,200,153,161
162,Jalen Nailor,WR,LV,187,167,162
163,Kenyon Sadiq,TE,NYJ,192,163,163
164,Tank Bigsby,RB,PHI,184,174,164
165,Houston Texans,DST,HOU,180,180,165
166,Tre' Harris,WR,LAC,184,172,166
167,Denver Broncos,DST,DEN,182,182,167
168,Fernando Mendoza,QB,LV,197,148,168
169,Denzel Boston,WR,CLE,157,201,169
170,Tyjae Spears,RB,TEN,172,189,170
171,Seattle Seahawks,DST,SEA,186,184,171
172,AJ Barner,TE,SEA,171,193,172
173,Los Angeles Rams,DST,LAR,184,186,173
174,Jauan Jennings,WR,MIN,217,144,174
175,Keaton Mitchell,RB,LAC,196,171,175
176,Philadelphia Eagles,DST,PHI,188,188,176
177,Michael Penix Jr.,QB,ATL,169,185,177
178,Keenan Allen,WR,IND,199,162,178
179,New England Patriots,DST,NE,192,190,179
180,Brian Robinson Jr.,RB,ATL,180,192,180
181,T.J. Hockenson,TE,MIN,164,211,181
182,Minnesota Vikings,DST,MIN,196,194,182
183,Adonai Mitchell,WR,NYJ,181,186,183
184,Pittsburgh Steelers,DST,PIT,194,198,184
185,Omar Cooper Jr.,WR,NYJ,220,165,185
186,Dylan Sampson,RB,CLE,164,213,186
187,Baltimore Ravens,DST,BAL,190,204,187
188,Deshaun Watson,QB,CLE,176,179,188
189,Jacksonville Jaguars,DST,JAX,202,192,189
190,Pat Bryant,WR,DEN,208,180,190
191,Oronde Gadsden II,TE,LAC,199,181,191
192,Nick Singleton,RB,TEN,216,164,192
193,Los Angeles Chargers,DST,LAC,198,196,193
194,Tank Dell,WR,HOU,238,152,194
195,Green Bay Packers,DST,GB,204,202,195
196,Shedeur Sanders,QB,CLE,204,173,196
197,Jonah Coleman,RB,DEN,188,199,197
198,Kansas City Chiefs,DST,KC,200,210,198
199,Jaylin Noel,WR,HOU,214,177,199
200,Terrance Ferguson,TE,LAR,227,156,200
201,Detroit Lions,DST,DET,206,208,201
202,Dontayvion Wicks,WR,PHI,190,204,202
203,Kimani Vidal,RB,LAC,244,182,203
204,Buffalo Bills,DST,BUF,216,200,204
205,Cleveland Browns,DST,CLE,208,212,205
206,Justin Fields,QB,KC,218,191,206
207,Kayshon Boutte,WR,HOU,232,183,207
208,MarShawn Lloyd,RB,GB,220,206,208
209,Atlanta Falcons,DST,ATL,,206,209
210,Pat Freiermuth,TE,PIT,213,187,210
211,Troy Franklin,WR,DEN,253,176,211
212,New Orleans Saints,DST,NO,,214,212
213,Devin Singletary,RB,NYG,260,168,213
214,Indianapolis Colts,DST,IND,218,216,214
215,Malachi Fields,WR,NYG,211,222,215
216,Mac Jones,QB,SF,211,210,216
217,San Francisco 49ers,DST,SF,214,222,217
218,Christian Kirk,WR,SF,250,196,218
219,Sean Tucker,RB,TB,228,202,219
220,Gunnar Helm,TE,TEN,206,205,220
221,Miami Dolphins,DST,MIA,,218,221
222,Brandon Aubrey,K,DAL,220,220,222
223,Dallas Cowboys,DST,DAL,212,228,223
224,Cam Little,K,JAX,222,222,224
225,Calvin Ridley,WR,TEN,235,219,225
226,Ray Davis,RB,BUF,236,209,226
227,Washington Commanders,DST,WAS,,220,227
228,Cameron Dicker,K,LAC,224,224,228
229,J.J. McCarthy,QB,MIN,225,197,229
230,Rashod Bateman,WR,BAL,247,208,230
231,New York Giants,DST,NYG,210,232,231
232,Ka'imi Fairbairn,K,HOU,226,228,232
233,Evan Engram,TE,DEN,241,175,233
234,Braelon Allen,RB,NYJ,212,242,234
235,Chicago Bears,DST,CHI,,224,235
236,Evan McPherson,K,CIN,232,226,236
237,Devaughn Vele,WR,NO,196,264,237
238,Tampa Bay Buccaneers,DST,TB,,226,238
239,Jason Myers,K,SEA,230,230,239
240,Ty Simpson,QB,LAR,232,203,240
241,Isaac TeSlaa,WR,DET,256,207,241
242,Najee Harris,RB,NYG,280,178,242
243,Cincinnati Bengals,DST,CIN,,230,243
244,Harrison Mevis,K,LAR,228,236,244
245,Cade Otton,TE,TB,234,200,245
246,Carolina Panthers,DST,CAR,,234,246
247,Andy Borregales,K,NE,234,232,247
248,Malik Washington,WR,MIA,202,261,248
249,Kaytron Allen,RB,WAS,252,220,249
250,Tennessee Titans,DST,TEN,,236,250
251,Tyler Loop,K,BAL,242,234,251
252,Chimere Dike,WR,TEN,277,188,252
253,New York Jets,DST,NYJ,,238,253
254,Eddy Pineiro,K,SF,236,246,254
255,Jameis Winston,QB,NYG,253,221,255
256,James Conner,RB,ARI,296,184,256
257,Arizona Cardinals,DST,ARI,,240,257
258,Jake Bates,K,DET,238,244,258
259,Cooper Kupp,WR,SEA,241,225,259
260,Colby Parkinson,TE,LAR,220,245,260
261,Las Vegas Raiders,DST,LV,,242,261
262,Cairo Santos,K,CHI,244,240,262
263,Zachariah Branch,WR,ATL,226,249,263
264,Jaylen Wright,RB,MIA,264,216,264
265,Chase McLaughlin,K,TB,250,238,265
266,Dillon Gabriel,QB,CLE,260,235,266
267,Wil Lutz,K,DEN,246,242,267
268,Darnell Mooney,WR,NYG,262,214,268
269,Jordan James,RB,SF,240,248,269
270,Jake Tonges,TE,SF,248,218,270
271,Harrison Butker,K,KC,240,256,271
272,Elic Ayomanor,WR,TEN,283,198,272
273,Chris Boswell,K,PIT,248,252,273
274,Alvin Kamara,RB,NO,204,285,274
275,Charlie Smyth,K,NO,,248,275
276,Carson Beck,QB,ARI,239,256,276
277,Ja'Kobi Lane,WR,BAL,169,319,277
278,Tyler Bass,K,BUF,254,250,278
279,Theo Johnson,TE,NYG,262,229,279
280,Tyquan Thornton,WR,KC,244,246,280
281,Kendre Miller,RB,NO,284,223,281
282,Joey Slye,K,TEN,,254,282
283,Blake Grupe,K,IND,,258,283
284,Keon Coleman,WR,BUF,292,212,284
285,Jack Strand,QB,ATL,267,242,285
286,Emmett Johnson,RB,KC,224,283,286
287,Chad Ryland,K,ARI,,260,287
288,Jack Bech,WR,LV,274,234,288
289,Mason Taylor,TE,NYJ,269,224,289
290,Will Reichard,K,MIN,252,266,290
291,Ollie Gordon II,RB,MIA,272,236,291
292,Jake Elliott,K,PHI,,262,292
293,Kyle Williams,WR,NE,286,227,293
294,Trey Smack,K,GB,,264,294
295,Anthony Richardson Sr.,QB,IND,,215,295
296,Elijah Sarratt,WR,BAL,271,247,296
297,George Holani,RB,SEA,232,278,297
298,Ryan Fitzgerald,K,CAR,,268,298
299,Mike Gesicki,TE,CIN,276,250,299
300,Daniel Carlson,K,NO,,270,300
301,Darius Slayton,WR,NYG,307,217,301
302,Tyrone Tracy Jr.,RB,NYG,316,195,302
303,Nick Folk,K,ATL,,272,303
304,Joe Milton III,QB,DAL,,228,304
305,Caleb Douglas,WR,MIA,205,321,305
306,Ben Sauls,K,NYG,,274,306
307,Jaydon Blue,RB,DAL,208,310,307
308,David Njoku,TE,LAC,290,240,308
309,Jake Moody,K,,,276,309
310,Tory Horton,WR,SEA,289,238,310
311,Andre Szmyt,K,CLE,,278,311
312,Marvin Mims Jr.,WR,DEN,304,230,312
313,Devin Neal,RB,NO,288,231,313
314,Jason Sanders,K,NYJ,,280,314
315,Drew Allar,QB,PIT,288,249,315
316,Brandon McManus,K,,,282,316
317,Germie Bernard,WR,PIT,223,313,317
318,Eli Stowers,TE,PHI,318,235,318
319,Emanuel Wilson,RB,SEA,308,226,319
320,Spencer Shrader,K,IND,,284,320
321,Treylon Burks,WR,WAS,343,194,321
322,Matt Gay,K,LV,,286,322
323,Marcus Mariota,QB,WAS,246,,323
324,Isaiah Davis,RB,NYJ,304,233,324
325,Cade York,K,,,288,325
326,Mack Hollins,WR,NE,301,237,326
327,Michael Mayer,TE,LV,255,,327
328,Riley Patterson,K,MIA,,290,328
329,Cedric Tillman,WR,,334,232,329
330,Samaje Perine,RB,CIN,248,299,330
331,Taylen Green,QB,CLE,281,263,331
332,Xavier Legette,WR,CAR,316,252,332
333,Malik Davis,RB,DAL,300,257,333
334,Max Klare,TE,LAR,304,274,334
335,Chris Bell,WR,MIA,259,309,335
336,Justice Hill,RB,BAL,276,290,336
337,Jahan Dotson,WR,ATL,229,,337
338,Cole Payton,QB,PHI,274,291,338
339,Brandon Aiyuk,WR,SF,265,305,339
340,Brashard Smith,RB,KC,320,251,340
341,Darren Waller,TE,CAR,283,,341
342,Andrei Iosivas,WR,CIN,331,243,342
343,Seth McGowan,RB,IND,256,319,343
344,Cade Klubnik,QB,NYJ,,270,344
345,Antonio Williams,WR,WAS,268,307,345
346,Darnell Washington,TE,PIT,297,,346
347,Ty Johnson,RB,BUF,324,253,347
348,Isaiah Bond,WR,CLE,322,254,348
349,Miller Moss,QB,CHI,,277,349
350,Hollywood Brown,WR,PHI,319,269,350
351,Demond Claiborne,RB,MIN,268,322,351
352,Justin Joly,TE,DEN,325,286,352
353,DeMario Douglas,WR,NE,313,284,353
354,Jaleel McLaughlin,RB,DEN,352,244,354
355,Skyler Bell,WR,BUF,280,317,355
356,Garrett Nussmeier,QB,KC,295,284,356
357,Emari Demercado,RB,KC,312,292,357
358,Calvin Austin III,WR,NYG,337,263,358
359,Tyler Higbee,TE,LAR,311,,359
360,Tez Johnson,WR,TB,325,275,360
361,Kaleb Johnson,RB,PIT,368,239,361
362,Malik Benson,WR,LV,310,294,362
363,LeQuint Allen Jr.,RB,JAX,336,271,363
364,Oscar Delp,TE,NO,367,270,364
365,Ted Hurst,WR,TB,295,315,365
366,Trevor Etienne,RB,CAR,348,268,366
367,Olamide Zaccheaus,WR,ATL,340,280,367
368,Eli Raridon,TE,NE,374,266,368
369,Savion Williams,WR,GB,,241,369
370,DJ Giddens,RB,IND,360,259,370
371,Tutu Atwell,WR,LAR,346,289,371
372,Adam Randall,RB,BAL,292,328,372
373,Demarcus Robinson,WR,SF,298,,373
374,Elijah Arroyo,TE,SEA,332,,374
375,Chris Brooks,RB,GB,344,281,375
376,Xavier Hutchinson,WR,HOU,,256,376
377,Konata Mumpfield,WR,LAR,,258,377
378,Audric Estime,RB,NO,372,262,378
379,Noah Gray,TE,KC,339,,379
380,Kevin Coleman Jr.,WR,MIA,352,293,380
381,Jarquez Hunter,RB,MIA,380,265,381
382,Luke McCaffrey,WR,WAS,,267,382
383,Jerome Ford,RB,WAS,328,317,383
384,Ja'Tavion Sanders,TE,CAR,346,,384
385,Brenen Thompson,WR,LAC,328,325,385
386,Dont'e Thornton Jr.,WR,LV,,272,386
387,Isaac Guerendo,RB,SF,332,316,387
388,Jalen Royals,WR,KC,,273,388
389,Zach Ertz,TE,,353,,389
390,Kaelon Black,RB,SF,340,318,390
391,Tyreek Hill,WR,,358,303,391
392,Bam Knight,RB,ARI,384,276,392
393,John Metchie III,WR,CAR,,277,393
394,Tommy Myers,TE,,,255,394
395,Colbie Young,WR,CIN,361,301,395
396,Dylan Laube,RB,LV,392,274,396
397,Joshua Palmer,WR,BUF,,279,397
398,Tahj Brooks,RB,CIN,364,304,398
399,John Bates,TE,WAS,,260,399
400,Jaylin Lane,WR,WAS,,282,400
401,Trey Benson,RB,ARI,356,314,401
402,Xavier Restrepo,WR,TEN,,286,402
403,Theo Wease Jr.,WR,MIA,,287,403
404,Kareem Hunt,RB,,376,295,404
405,Noah Fant,TE,NO,360,,405
406,Brandin Cooks,WR,,,291,406
407,Joe Mixon,RB,,388,288,407
408,Chris Brazzell II,WR,CAR,367,311,408
409,Michael Trigg,TE,DAL,395,282,409
410,Michael Carter,RB,TEN,,297,410
411,Tai Felton,WR,MIN,,296,411
412,Antwane Wells Jr.,WR,ATL,,298,412
413,Nick Chubb,RB,,,302,413
414,Sam Roush,TE,CHI,402,278,414
415,Julian Fleming,WR,,,300,415
416,Jawhar Jordan,RB,HOU,,306,416
417,Jalen Tolbert,WR,MIA,349,,417
418,Will Shipley,RB,PHI,,308,418
419,KaVontae Turpin,WR,DAL,355,,419
420,Dawson Knox,TE,BUF,381,,420
421,Eric McAlister,WR,,373,323,421
422,Austin Ekeler,RB,,,309,422
423,Zavion Thomas,WR,CHI,364,337,423
424,Eli Heidenreich,RB,PIT,396,325,424
425,Cole Kmet,TE,CHI,388,,425
426,Deion Burks,WR,IND,376,329,426
427,Dameon Pierce,RB,PHI,,311,427
428,Bryce Lance,WR,NO,370,335,428
429,Barion Brown,WR,NO,379,331,429
430,Antonio Gibson,RB,,,312,430
431,Tanner Koziol,TE,JAX,,290,431
432,Cyrus Allen,WR,KC,,327,432
433,Raheim Sanders,RB,CLE,,313,433
434,Reggie Virgil,WR,ARI,382,333,434
435,Jack Endries,TE,CIN,,294,435
436,Terrell Jennings,RB,,,315,436
437,Jam Miller,RB,NE,400,327,437
438,Joe Royer,TE,CLE,,298,438
439,Roman Hemby,RB,LV,,320,439
440,Jaydn Ott,RB,KC,,321,440
441,Dallen Bentley,TE,DEN,,302,441
442,Desmond Reid,RB,,404,329,442
443,J'Mari Taylor,RB,JAX,408,326,443
444,RJ Maryland,TE,GB,,306,444
445,Robert Henry Jr.,RB,WAS,,323,445
446,Le'Veon Moss,RB,,,324,446